step,sim_time,env_id,prismz,prismx,RevoluteJoint,q1_left,q1_right,q2_left,q2_right
0,0.0,0,0.0068670027,1.3927377e-09,1.3585817e-16,-9.087016e-17,-1.0393779e-16,-9.045499e-23,1.1789958e-20
1,0.005,0,0.03752326,7.610317e-09,6.5737417e-16,-2.6502028e-16,-3.1324824e-16,-1.0562882e-22,1.4839665e-20
2,0.01,0,0.09270456,1.880196e-08,1.1959151e-15,-1.6252683e-16,-2.301438e-16,4.717122e-22,-1.261318e-21
3,0.015,0,0.17241074,3.4967634e-08,1.694611e-15,-5.1166365e-17,-1.1719949e-16,2.8500917e-18,-8.4466985e-22
4,0.02,0,0.27664205,5.610739e-08,2.2184104e-15,-2.1244667e-17,-8.3833564e-17,-4.6577862e-24,2.0261548e-22
5,0.025,0,0.31510028,6.4138575e-08,2.405476e-10,-2.0837738e-09,-1.455787e-09,1.1771253e-08,-3.1786268e-13
6,0.030000000000000002,0,0.31510022,6.507174e-08,4.2608623e-09,7.272012e-09,-5.743521e-09,2.2049529e-09,-2.7835888e-13
7,0.035,0,0.31510034,6.792588e-08,1.641404e-08,1.7874747e-08,-1.2101151e-08,7.465103e-09,-6.56956e-13
8,0.04,0,0.31510028,7.5091265e-08,4.8117776e-08,4.313517e-08,-2.6343715e-08,3.2208202e-08,-1.66704e-12
9,0.045,0,0.31510025,9.32907e-08,1.3011896e-07,1.0829687e-07,-6.3735776e-08,9.902238e-08,-4.3488845e-12
10,0.049999999999999996,0,0.3151002,1.3951426e-07,3.4014587e-07,2.7554515e-07,-1.6054106e-07,2.7050245e-07,-1.1430747e-11
11,0.05499999999999999,0,0.3151003,1.0924809e-07,1.8235818e-07,-2.980236e-07,1.9329246e-07,1.0305707e-06,4.5787946e-08
12,0.05999999999999999,0,0.31510028,5.7519856e-08,-2.998078e-08,-3.1451575e-07,2.8775474e-07,3.917411e-07,5.0186532e-08
13,0.06499999999999999,0,0.31510022,-3.571332e-08,-4.3250074e-07,-3.4461965e-07,3.4566438e-07,1.6304623e-06,5.2531366e-08
14,0.06999999999999999,0,0.31510034,-4.3727635e-08,-4.0529372e-07,4.3665486e-07,-1.6132753e-07,7.716251e-07,-4.444797e-11
15,0.075,0,0.31510028,-6.7187614e-08,-4.9167033e-07,1.6004785e-07,-1.871196e-07,9.282954e-07,1.6651056e-09
16,0.08,0,0.31510025,-6.59945e-08,-4.125682e-07,2.8620502e-07,-2.5494228e-07,4.663281e-07,6.166877e-09
17,0.085,0,0.3151002,-1.4392144e-07,-6.8886425e-07,-2.3768797e-07,1.5380664e-07,9.226949e-07,4.6726576e-08
18,0.09000000000000001,0,0.3151003,-1.5665795e-07,-6.109008e-07,2.7884144e-07,-5.472153e-08,5.552411e-07,-1.6567029e-11
19,0.09500000000000001,0,0.31510028,-1.2081524e-07,-3.6417876e-07,1.0048984e-07,-2.1696222e-07,2.8639113e-07,8.549192e-09
20,0.10000000000000002,0,0.31510022,-1.7083664e-07,-4.4122442e-07,-9.869095e-08,5.4539818e-08,6.9424067e-07,2.1039096e-08
21,0.10500000000000002,0,0.31510034,-2.1188136e-07,-4.745968e-07,-2.8918552e-07,1.5887049e-07,8.208402e-07,3.0925488e-08
22,0.11000000000000003,0,0.31510028,-2.5667887e-07,-4.6774701e-07,6.125274e-08,6.200885e-08,4.5227708e-07,9.367089e-09
23,0.11500000000000003,0,0.31510025,-3.1830353e-07,-5.7808904e-07,-4.0393343e-07,1.527795e-07,4.7791843e-07,3.849335e-08
24,0.12000000000000004,0,0.3151002,-4.2582053e-07,-7.779568e-07,1.3306548e-07,1.2239944e-07,9.3739914e-07,1.7098511e-08
25,0.12500000000000003,0,0.3151003,-4.847759e-07,-7.815766e-07,2.8427e-07,-7.825716e-08,1.1557613e-06,-4.7704517e-11
26,0.13000000000000003,0,0.31510028,-6.194725e-07,-1.0959681e-06,-1.5810622e-07,1.3113541e-07,1.0882596e-06,3.577261e-08
27,0.13500000000000004,0,0.31510022,-7.1087356e-07,-1.1342031e-06,2.1859307e-07,-5.5825765e-08,1.4550008e-06,-5.7044012e-11
28,0.14000000000000004,0,0.31510034,-7.6999186e-07,-9.960813e-07,3.7805586e-07,-2.420601e-07,6.4095065e-07,-2.3666324e-11
29,0.14500000000000005,0,0.31510028,-8.828173e-07,-1.0648967e-06,7.110408e-08,-5.812732e-08,2.525325e-07,6.8663644e-09
30,0.15000000000000005,0,0.31510025,-9.994269e-07,-1.0950196e-06,-1.813289e-09,3.3886014e-08,1.9410086e-07,1.0846946e-08
31,0.15500000000000005,0,0.3151002,-1.1286345e-06,-1.156166e-06,-2.2929305e-07,9.417762e-08,1.0934527e-06,2.1393511e-08
32,0.16000000000000006,0,0.3151003,-1.2844838e-06,-1.2238846e-06,1.1360387e-08,6.8692216e-08,4.927684e-07,1.1481691e-08
33,0.16500000000000006,0,0.31510028,-1.4270571e-06,-1.1926929e-06,1.100987e-07,-4.292704e-08,1.5874977e-07,8.3645235e-10
34,0.17000000000000007,0,0.31510022,-1.5951514e-06,-1.230524e-06,-1.6922795e-07,1.0408939e-08,1.437727e-07,1.3498255e-08
35,0.17500000000000007,0,0.31510034,-1.8906686e-06,-1.7160817e-06,-3.2971917e-07,3.410856e-07,5.120154e-07,5.6696223e-08
36,0.18000000000000008,0,0.31510028,-2.1515084e-06,-1.9458787e-06,1.6801165e-07,1.1408801e-07,6.796408e-07,1.5485712e-08
37,0.18500000000000008,0,0.31510025,-2.3664638e-06,-1.9100446e-06,2.984067e-07,-2.0627199e-07,4.826246e-07,-1.1076372e-11
38,0.19000000000000009,0,0.3151002,-2.642169e-06,-2.0263597e-06,6.8430175e-08,-1.2444845e-07,1.6496341e-07,5.626116e-09
39,0.1950000000000001,0,0.3151003,-3.038975e-06,-2.5419724e-06,-2.747405e-07,2.6633813e-07,3.6656576e-07,5.139442e-08
40,0.2000000000000001,0,0.31510034,-3.4232046e-06,-2.845629e-06,5.177442e-08,1.4621435e-07,4.5345018e-07,2.5596655e-08
41,0.2050000000000001,0,0.31510022,-3.8205235e-06,-3.0687122e-06,2.4627371e-07,-2.2735325e-08,5.4698063e-07,-3.6960283e-12
42,0.2100000000000001,0,0.31510034,-4.244637e-06,-3.2701332e-06,-5.78615e-08,-5.429921e-08,2.1778972e-07,1.1723236e-08
43,0.2150000000000001,0,0.31510028,-4.8271604e-06,-3.918981e-06,-4.435891e-08,2.559444e-07,7.457691e-07,4.3907477e-08
44,0.2200000000000001,0,0.3151002,-5.3867984e-06,-4.2754505e-06,1.5301539e-07,9.370051e-08,5.3633124e-07,1.744324e-08
45,0.22500000000000012,0,0.31510025,-6.005035e-06,-4.6570417e-06,1.8676474e-07,2.0133504e-08,6.6519976e-07,6.100673e-09
46,0.23000000000000012,0,0.31510034,-6.7118126e-06,-5.169221e-06,-2.8736904e-08,1.1357242e-07,3.29759e-07,2.3881803e-08
47,0.23500000000000013,0,0.31510034,-7.529314e-06,-5.8542673e-06,-5.3248325e-08,2.4690146e-07,5.215711e-07,4.2567496e-08
48,0.24000000000000013,0,0.31510022,-8.413099e-06,-6.5109393e-06,-6.1564136e-09,2.0741e-07,1.0090405e-06,3.7238717e-08
49,0.24500000000000013,0,0.31510037,-9.401707e-06,-7.2527255e-06,3.6155676e-08,1.933371e-07,1.1197411e-06,3.558686e-08
50,0.2500000000000001,0,0.31510028,-1.0489701e-05,-8.019089e-06,6.2950825e-08,1.6197879e-07,1.1140731e-06,3.221772e-08
51,0.2550000000000001,0,0.31510028,-1.1715428e-05,-8.92548e-06,1.1376869e-08,2.247361e-07,6.779695e-07,4.3342688e-08
52,0.2600000000000001,0,0.31510013,-1.30807775e-05,-9.935246e-06,-3.5113864e-08,2.7816395e-07,9.992666e-07,5.332397e-08
53,0.2650000000000001,0,0.31510013,-1.4622702e-05,-1.11374775e-05,-4.4593698e-08,3.6884092e-07,1.022828e-06,6.710019e-08
54,0.27000000000000013,0,0.31510037,-1.632211e-05,-1.239106e-05,-3.2763146e-09,3.3934523e-07,8.109576e-07,6.531989e-08
55,0.27500000000000013,0,0.31510016,-1.8231456e-05,-1.3846012e-05,-8.127587e-09,3.910623e-07,1.1553938e-06,7.346878e-08
56,0.28000000000000014,0,0.31510025,-2.0361074e-05,-1.545695e-05,7.545252e-08,4.0189005e-07,1.2554293e-06,7.636391e-08
57,0.28500000000000014,0,0.31510013,-2.2723516e-05,-1.7205932e-05,-6.736712e-09,4.253485e-07,1.7498664e-06,8.303599e-08
58,0.29000000000000015,0,0.31510013,-2.537125e-05,-1.9180256e-05,6.5566454e-08,4.8074156e-07,1.5286777e-06,9.272292e-08
59,0.29500000000000015,0,0.31510013,-2.833419e-05,-2.1433403e-05,-5.7763163e-08,6.0665707e-07,1.8954313e-06,1.1530027e-07
60,0.30000000000000016,0,0.31510013,-3.163731e-05,-2.391215e-05,7.5897326e-08,6.571761e-07,2.643287e-06,1.2252505e-07
61,0.30500000000000016,0,0.3151003,-3.5322486e-05,-2.6686552e-05,-2.2686072e-08,7.366276e-07,2.4688823e-06,1.4013018e-07
62,0.31000000000000016,0,0.31510028,-3.9425133e-05,-2.972219e-05,4.732882e-08,7.695797e-07,2.7908293e-06,1.4817607e-07
63,0.31500000000000017,0,0.31510022,-4.4040946e-05,-3.3282915e-05,-2.2891425e-07,1.0130598e-06,2.965359e-06,1.9032261e-07
64,0.3200000000000002,0,0.31510022,-4.9163096e-05,-3.707652e-05,2.1691979e-07,9.41586e-07,3.1513912e-06,1.8075373e-07
65,0.3250000000000002,0,0.31510022,-5.4840613e-05,-4.1179414e-05,7.870967e-08,9.47276e-07,3.3291005e-06,1.8983822e-07
66,0.3300000000000002,0,0.31510016,-6.126121e-05,-4.6092766e-05,-8.019901e-08,1.3240873e-06,4.0736077e-06,2.494605e-07
67,0.3350000000000002,0,0.31510034,-6.840672e-05,-5.148964e-05,-1.5847793e-07,1.509039e-06,4.42875e-06,2.8450023e-07
68,0.3400000000000002,0,0.3151002,-7.638456e-05,-5.7499306e-05,1.0155365e-08,1.6155129e-06,5.2334753e-06,3.0381122e-07
69,0.3450000000000002,0,0.31510013,-8.5283114e-05,-6.418582e-05,1.750957e-08,1.7412993e-06,6.0901093e-06,3.3061687e-07
70,0.3500000000000002,0,0.31510013,-9.520836e-05,-7.159381e-05,1.3504045e-07,1.8723453e-06,7.157204e-06,3.5752288e-07
71,0.3550000000000002,0,0.31510016,-0.000106292006,-7.987583e-05,7.047943e-08,2.1127537e-06,7.081904e-06,4.0382878e-07
72,0.3600000000000002,0,0.31510037,-0.0001186905,-8.923375e-05,-8.978395e-08,2.4914207e-06,8.360551e-06,4.7025148e-07
73,0.3650000000000002,0,0.31510007,-0.00013253237,-9.964501e-05,1.8865667e-07,2.7459096e-06,9.776866e-06,5.135851e-07
74,0.3700000000000002,0,0.3151001,-0.0001479632,-0.000111192465,1.5837954e-07,2.9825783e-06,1.0191947e-05,5.6497896e-07
75,0.3750000000000002,0,0.31510022,-0.000165212,-0.00012416553,9.079143e-08,3.3668466e-06,1.1357994e-05,6.373617e-07
76,0.3800000000000002,0,0.31510037,-0.00018445334,-0.00013856108,1.9939861e-07,3.6960014e-06,1.2648094e-05,7.027259e-07
77,0.38500000000000023,0,0.31510007,-0.00020594326,-0.00015466368,2.0569435e-07,4.1567614e-06,1.4520692e-05,7.864221e-07
78,0.39000000000000024,0,0.31510007,-0.00022994488,-0.00017266606,2.8412603e-07,4.677376e-06,1.6633601e-05,8.8071164e-07
79,0.39500000000000024,0,0.3151002,-0.00025673004,-0.00019273166,1.2837205e-08,5.2562095e-06,1.7670895e-05,9.949594e-07
80,0.40000000000000024,0,0.31510007,-0.00028667884,-0.00021527926,1.7465331e-07,5.93643e-06,2.01871e-05,1.1167583e-06
81,0.40500000000000025,0,0.3151002,-0.000320086,-0.00024034256,1.5446761e-07,6.5411373e-06,2.2357784e-05,1.2359214e-06
82,0.41000000000000025,0,0.31510022,-0.0003574016,-0.00026837183,2.657424e-07,7.275045e-06,2.530252e-05,1.3739211e-06
83,0.41500000000000026,0,0.3151003,-0.0003990601,-0.0002996385,3.73938e-07,8.092949e-06,2.8646462e-05,1.5287255e-06
84,0.42000000000000026,0,0.31510013,-0.0004455786,-0.000334573,3.4138853e-07,9.071441e-06,3.1736734e-05,1.7121793e-06
85,0.42500000000000027,0,0.31510037,-0.00049751456,-0.0003735554,3.7691126e-07,1.0134791e-05,3.5455058e-05,1.9135416e-06
86,0.43000000000000027,0,0.3151006,-0.0005555126,-0.0004171181,4.047441e-07,1.1348503e-05,3.9710678e-05,2.1401277e-06
87,0.4350000000000003,0,0.31510064,-0.00062027347,-0.00046576557,4.6946744e-07,1.2675503e-05,4.415751e-05,2.3899752e-06
88,0.4400000000000003,0,0.31510034,-0.0006925857,-0.0005200981,4.967268e-07,1.4153245e-05,4.9070597e-05,2.6696016e-06
89,0.4450000000000003,0,0.31510028,-0.000773308,-0.0005806688,7.1463944e-07,1.5700956e-05,5.4831253e-05,2.9642079e-06
90,0.4500000000000003,0,0.31510046,-0.0008634306,-0.0006482672,8.0004475e-07,1.750493e-05,6.151206e-05,3.3049823e-06
91,0.4550000000000003,0,0.31510055,-0.00096407306,-0.00072381285,7.157834e-07,1.9626386e-05,6.7835404e-05,3.7060088e-06
92,0.4600000000000003,0,0.31510094,-0.0010764571,-0.00080819975,8.1872054e-07,2.197917e-05,7.6065095e-05,4.1449002e-06
93,0.4650000000000003,0,0.31510115,-0.0012019428,-0.0009024369,9.0470274e-07,2.455542e-05,8.530546e-05,4.6298915e-06
94,0.4700000000000003,0,0.315101,-0.0013420512,-0.001007633,1.0207348e-06,2.7376116e-05,9.540092e-05,5.1637408e-06
95,0.4750000000000003,0,0.3151012,-0.001498489,-0.0011250778,1.180072e-06,3.052929e-05,0.00010652921,5.760206e-06
96,0.4800000000000003,0,0.315101,-0.001673177,-0.0012562771,1.2438057e-06,3.412912e-05,0.0001183504,6.438663e-06
97,0.4850000000000003,0,0.3151015,-0.0018682266,-0.0014027662,1.4168603e-06,3.8105376e-05,0.00013251099,7.1881477e-06
98,0.4900000000000003,0,0.315102,-0.002086,-0.0015662705,1.5954587e-06,4.250506e-05,0.00014782058,8.020726e-06
99,0.49500000000000033,0,0.31510264,-0.002329155,-0.0017488115,1.8874987e-06,4.7416608e-05,0.00016497953,8.947994e-06
100,0.5000000000000003,0,0.31510282,-0.00260066,-0.0019526592,2.0460502e-06,5.29696e-05,0.00018379343,9.996202e-06
101,0.5050000000000003,0,0.31510326,-0.0029038102,-0.0021802557,2.2086197e-06,5.9160993e-05,0.00020547725,1.1165075e-05
102,0.5100000000000003,0,0.315104,-0.003242318,-0.002434458,2.4655214e-06,6.613744e-05,0.0002298881,1.2475335e-05
103,0.5150000000000003,0,0.3151049,-0.0036202716,-0.0027182424,2.6853156e-06,7.38327e-05,0.00025614817,1.39300955e-05
104,0.5200000000000004,0,0.31510615,-0.004042269,-0.0030350392,3.1698264e-06,8.2349805e-05,0.00028620174,1.5538257e-05
105,0.5250000000000004,0,0.3151079,-0.0045134723,-0.0033888228,3.4828033e-06,9.196841e-05,0.00031926477,1.7353905e-05
106,0.5300000000000004,0,0.31510964,-0.0050396025,-0.0037838488,3.906797e-06,0.00010270492,0.0003564389,1.9377454e-05
107,0.5350000000000004,0,0.31511208,-0.0056270515,-0.00422488,4.4363696e-06,0.000114641145,0.0003981641,2.1630507e-05
108,0.5400000000000004,0,0.31511497,-0.0062829964,-0.004717416,4.8921747e-06,0.00012808491,0.0004452053,2.4162026e-05
109,0.5450000000000004,0,0.31511816,-0.007015402,-0.005267343,5.3829112e-06,0.00014301385,0.0004966394,2.6981783e-05
110,0.5500000000000004,0,0.31512254,-0.007833181,-0.005881381,6.1419382e-06,0.00015965634,0.00055461633,3.011952e-05
111,0.5550000000000004,0,0.3151281,-0.008747861,-0.0065372386,3.666402e-05,0.0001421353,0.0004734501,2.4772133e-05
112,0.5600000000000004,0,0.31513542,-0.009805201,-0.0071792705,3.5581968e-06,6.7040404e-05,0.00016670894,1.2431989e-05
113,0.5650000000000004,0,0.3151447,-0.011065193,-0.007974953,-0.000121507364,0.00012765657,5.0264054e-05,2.2533506e-05
114,0.5700000000000004,0,0.31515723,-0.012548835,-0.008961579,-0.00025585305,0.000253076,3.6074303e-05,4.2523865e-05
115,0.5750000000000004,0,0.3151746,-0.014275265,-0.010161515,-0.00036360198,0.00037030282,7.901226e-05,6.140055e-05
116,0.5800000000000004,0,0.31519634,-0.016269395,-0.011584234,-0.00040091088,0.0004298396,7.462208e-05,6.888184e-05
117,0.5850000000000004,0,0.31522578,-0.018592106,-0.0131968865,-0.00047715762,0.00040294562,-4.417343e-07,6.4321386e-05
118,0.5900000000000004,0,0.31526524,-0.021316826,-0.015142565,-0.0005297688,0.00045213342,1.1392847e-06,7.288824e-05
119,0.5950000000000004,0,0.31531718,-0.024472862,-0.017405592,-0.0005741876,0.0005045163,-1.0076923e-06,8.022281e-05
120,0.6000000000000004,0,0.3153872,-0.028146721,-0.020011205,-0.0006741397,0.0005492211,9.748483e-07,8.7387336e-05
121,0.6050000000000004,0,0.31548077,-0.032412563,-0.02305103,-0.00076423574,0.0006387103,-1.4221953e-06,0.00010122754
122,0.6100000000000004,0,0.31560698,-0.037369974,-0.026558561,-0.0009122094,0.00073013507,4.6795148e-07,0.00011583233
123,0.6150000000000004,0,0.315775,-0.04313086,-0.030632332,-0.0010854073,0.00084743765,-1.1482773e-06,0.00013334751
124,0.6200000000000004,0,0.316001,-0.049827017,-0.03537168,-0.0012825041,0.0009939766,-1.435037e-06,0.00015591782
125,0.6250000000000004,0,0.31630412,-0.057610936,-0.040877905,-0.0015184729,0.0011569583,-1.7934228e-06,0.00018103
126,0.6300000000000004,0,0.31671265,-0.06665987,-0.047285303,-0.0017844895,0.001346525,-2.1110402e-06,0.00021053331
127,0.6350000000000005,0,0.31726193,-0.07717678,-0.054739274,-0.0020869689,0.0015635681,-3.818621e-06,0.00024397031
128,0.6400000000000005,0,0.31800142,-0.08939883,-0.063405484,-0.002439356,0.0018087017,-3.1053464e-06,0.00028190174
129,0.6450000000000005,0,0.31899717,-0.10359887,-0.07348333,-0.0028440966,0.002093353,-3.8073813e-06,0.00032574454
130,0.6500000000000005,0,0.3203394,-0.12009156,-0.08519999,-0.0033119416,0.002425071,-5.82743e-06,0.00037692286
131,0.6550000000000005,0,0.3221491,-0.13923983,-0.09881641,-0.0038597716,0.00280859,-6.758612e-06,0.00043611537
132,0.6600000000000005,0,0.32458356,-0.16146095,-0.114640266,-0.0044991025,0.0032555044,-5.8908795e-06,0.0005052304
133,0.6650000000000005,0,0.32786706,-0.18723272,-0.13302846,-0.005243622,0.0037775466,-7.512848e-06,0.0005858467
134,0.6700000000000005,0,0.3322931,-0.2170965,-0.15439156,-0.0061146994,0.0043828953,-5.8234073e-06,0.0006795563
135,0.6750000000000005,0,0.33824903,-0.25166756,-0.17920953,-0.0071307886,0.0050870595,-2.3661082e-06,0.0007882822
136,0.6800000000000005,0,0.3462681,-0.29163072,-0.20803854,-0.008306911,0.005908061,-5.853398e-06,0.0009137609
137,0.6850000000000005,0,0.35705957,-0.33772752,-0.24150982,-0.009685053,0.006852735,-7.64248e-06,0.001059016
138,0.6900000000000005,0,0.37156683,-0.39073527,-0.2803555,-0.011306056,0.007946812,-1.34478905e-05,0.0012287295
139,0.6950000000000005,0,0.39105138,-0.45143017,-0.3254436,-0.013244657,0.009236897,-2.1499012e-05,0.0014314189
140,0.7000000000000005,0,0.41713506,-0.5205198,-0.37773374,-0.015462359,0.010719138,-2.4932728e-05,0.0016680515
141,0.7050000000000005,0,0.451871,-0.5985634,-0.43827173,-0.017979676,0.012350555,-2.8446142e-05,0.0012338706
142,0.7100000000000005,0,0.49596933,-0.6865034,-0.508345,-0.016251974,0.010445759,0.00012501584,2.1787693e-05
143,0.7150000000000005,0,0.55450886,-0.78298193,-0.58933777,-0.01520938,0.0077216327,0.00013237829,-2.0286516e-06
144,0.7200000000000005,0,0.6324593,-0.88665193,-0.68388706,-0.014607841,0.0049693733,-1.6079473e-05,1.9292225e-05
145,0.7250000000000005,0,0.7334857,-0.99568576,-0.7926022,-0.013765788,0.0030454441,-2.943405e-07,1.9004934e-05
146,0.7300000000000005,0,0.8615946,-1.1065013,-0.915766,-0.013103176,0.0013378573,6.440608e-05,1.8268911e-05
147,0.7350000000000005,0,1.020315,-1.2142901,-1.0539855,-0.012620486,-0.00022722062,4.0048195e-05,6.344912e-05
148,0.7400000000000005,0,1.2111298,-1.3152531,-1.2088587,-0.0096844975,-0.0045647477,4.4490593e-05,7.1699105e-05
149,0.7450000000000006,0,0.013488751,2.7357347e-09,3.2144588e-16,-1.8554606e-16,-2.1578146e-16,-1.072445e-22,1.4211276e-20
150,0.7500000000000006,0,0.051502515,1.04455316e-08,9.210834e-16,-2.8033897e-16,-3.4232712e-16,-1.201182e-22,1.0001831e-20
151,0.7550000000000006,0,0.11404129,2.3129394e-08,1.4482381e-15,-1.1675097e-16,-1.8804609e-16,2.5249943e-18,-1.8318466e-21
152,0.7600000000000006,0,0.20110501,4.078729e-08,1.9921762e-15,-3.6761773e-17,-1.0161472e-16,1.9388255e-18,-3.6342918e-22
153,0.7650000000000006,0,0.3126938,6.3419215e-08,2.5515508e-15,-1.9464806e-17,-8.0206886e-17,-6.261871e-24,3.6708505e-22
154,0.7700000000000006,0,0.31510022,6.422752e-08,7.191921e-10,1.212751e-09,-2.3907212e-09,8.058167e-09,-3.1240402e-13
155,0.7750000000000006,0,0.31510034,6.5679025e-08,6.7918293e-09,9.762131e-09,-7.3459034e-09,2.158156e-09,-3.8424353e-13
156,0.7800000000000006,0,0.31510028,6.942788e-08,2.2979815e-08,2.3156938e-08,-1.506965e-08,1.2298658e-08,-8.5875724e-13
157,0.7850000000000006,0,0.31510025,7.8904556e-08,6.52056e-08,5.6694265e-08,-3.4072098e-08,4.605852e-08,-2.1757064e-12
158,0.7900000000000006,0,0.3151002,1.0297559e-07,1.7401234e-07,1.4324073e-07,-8.391897e-08,1.3487103e-07,-5.8281526e-12
159,0.7950000000000006,0,0.3151003,1.5876269e-07,3.7344e-07,-2.6201906e-07,-1.139073e-07,6.4638243e-07,3.1401893e-08
160,0.8000000000000006,0,0.31510028,9.4592785e-08,1.234451e-07,-3.3735705e-07,2.4615184e-07,3.8137574e-07,5.08225e-08
161,0.8050000000000006,0,0.31510022,3.7880724e-08,-1.3540311e-07,-5.4511446e-07,3.206584e-07,5.811143e-07,5.9911315e-08
162,0.8100000000000006,0,0.31510034,-5.1010367e-08,-4.7462092e-07,-8.736776e-08,2.2699399e-07,8.602765e-07,3.3278095e-08
163,0.8150000000000006,0,0.31510028,-3.7084472e-08,-3.7784415e-07,3.9357357e-07,-2.572664e-07,8.3525964e-07,-4.674538e-11
164,0.8200000000000006,0,0.31510025,-7.467201e-08,-4.935221e-07,3.0010722e-07,-2.0356751e-07,8.4130085e-07,-4.3154594e-11
165,0.8250000000000006,0,0.3151002,-6.2663176e-08,-3.6695315e-07,3.875474e-07,-2.5959184e-07,7.414212e-07,-3.5601792e-11
166,0.8300000000000006,0,0.3151003,-1.6693335e-07,-7.499069e-07,-1.4231483e-07,1.8578052e-07,9.129781e-07,4.3742983e-08
167,0.8350000000000006,0,0.31510028,-1.4283081e-07,-5.157852e-07,3.7938898e-07,-1.6062685e-07,5.3073205e-07,-1.8919215e-11
168,0.8400000000000006,0,0.31510022,-1.3630394e-07,-3.9083332e-07,4.333625e-08,-1.1930612e-07,6.6999263e-07,7.950592e-09
169,0.8450000000000006,0,0.31510034,-1.7994982e-07,-4.2521577e-07,6.935896e-09,5.92486e-08,7.0225065e-07,1.68605e-08
170,0.8500000000000006,0,0.31510028,-2.3523862e-07,-5.151214e-07,-2.0825627e-07,1.8654771e-07,7.1938587e-07,3.2063053e-08
171,0.8550000000000006,0,0.31510025,-2.58457e-07,-4.1776536e-07,1.524122e-07,-1.1370529e-08,6.2459424e-07,-2.143918e-11
172,0.8600000000000007,0,0.3151002,-3.574596e-07,-6.733094e-07,-3.3393576e-07,2.0683811e-07,5.087852e-07,4.1690956e-08
173,0.8650000000000007,0,0.3151003,-4.2643603e-07,-7.300694e-07,8.971492e-09,-3.7899503e-10,7.5840484e-07,1.9463375e-08
174,0.8700000000000007,0,0.31510028,-4.9434544e-07,-8.0208235e-07,-3.6390273e-07,-7.357477e-08,1.0492895e-06,4.1156195e-08
175,0.8750000000000007,0,0.31510022,-6.5595356e-07,-1.1398319e-06,8.9139576e-08,9.5324765e-08,1.6635671e-06,2.1637552e-08
176,0.8800000000000007,0,0.31510034,-7.2637096e-07,-1.0840733e-06,3.1504024e-07,-1.5055726e-07,7.98638e-07,-2.4799409e-11
177,0.8850000000000007,0,0.31510028,-8.0163244e-07,-1.0287073e-06,9.814233e-08,-1.6668042e-07,5.7043155e-07,7.934776e-09
178,0.8900000000000007,0,0.31510025,-9.1645467e-07,-1.0722129e-06,5.437805e-08,-2.6399048e-08,3.3033808e-07,7.315377e-09
179,0.8950000000000007,0,0.3151002,-1.0375153e-06,-1.1168511e-06,-1.0548129e-07,6.477695e-08,9.1349825e-08,1.6353924e-08
180,0.9000000000000007,0,0.3151003,-1.1802695e-06,-1.1986868e-06,-1.359912e-07,1.19145646e-07,8.366099e-07,2.0568487e-08
181,0.9050000000000007,0,0.31510028,-1.3271783e-06,-1.2212147e-06,4.056875e-08,3.553238e-08,3.9545205e-07,6.250429e-09
182,0.9100000000000007,0,0.31510022,-1.4726538e-06,-1.1841782e-06,1.1887413e-07,-5.7182508e-08,2.8584054e-07,6.936174e-13
183,0.9150000000000007,0,0.31510034,-1.6766111e-06,-1.3645114e-06,-3.4929062e-07,1.4912354e-07,5.191091e-07,3.170006e-08
184,0.9200000000000007,0,0.31510028,-1.9739468e-06,-1.8259078e-06,-3.2917802e-07,3.3433537e-07,4.2503606e-07,5.5453125e-08
185,0.9250000000000007,0,0.31510025,-2.209108e-06,-1.9082158e-06,3.6465298e-07,-5.233481e-08,7.7575186e-07,-2.5644575e-11
186,0.9300000000000007,0,0.3151002,-2.4434614e-06,-1.9307279e-06,2.708986e-07,-2.1170516e-07,4.6959232e-07,-1.10632935e-11
187,0.9350000000000007,0,0.3151003,-2.7552958e-06,-2.20137e-06,-4.2565858e-07,6.414417e-08,3.192202e-07,3.5812555e-08
188,0.9400000000000007,0,0.31510022,-3.164436e-06,-2.69961e-06,-2.5533598e-07,3.2137007e-07,1.6325228e-06,5.456572e-08
189,0.9450000000000007,0,0.31510022,-3.536242e-06,-2.9089388e-06,4.236553e-08,8.5409745e-08,2.1771237e-07,1.7235111e-08
190,0.9500000000000007,0,0.31510034,-3.9373444e-06,-3.0935305e-06,3.004217e-07,-9.5195716e-08,4.4244553e-07,1.5863894e-15
191,0.9550000000000007,0,0.31510028,-4.4212725e-06,-3.518988e-06,-3.7175806e-07,1.478181e-07,1.0515108e-06,3.8235207e-08
192,0.9600000000000007,0,0.31510025,-4.9872483e-06,-4.014583e-06,2.26687e-08,1.9422554e-07,4.2411205e-07,3.517641e-08
193,0.9650000000000007,0,0.3151003,-5.5595547e-06,-4.3635996e-06,1.5442467e-07,3.6270325e-08,3.593665e-07,1.0136523e-08
194,0.9700000000000008,0,0.3151002,-6.2011713e-06,-4.7721446e-06,1.2143698e-07,9.682331e-09,3.1601803e-07,7.2102417e-09
195,0.9750000000000008,0,0.31510022,-6.9492316e-06,-5.381232e-06,-1.2840046e-07,1.8563237e-07,7.8316765e-07,3.4658967e-08
196,0.9800000000000008,0,0.31510022,-7.786037e-06,-6.055312e-06,-1.14882134e-07,2.4942892e-07,3.0683617e-07,4.5556742e-08
197,0.9850000000000008,0,0.31510034,-8.695201e-06,-6.7101355e-06,-6.464189e-09,1.8530501e-07,3.830266e-07,3.5722557e-08
198,0.9900000000000008,0,0.31510013,-9.714008e-06,-7.4611867e-06,8.5910116e-08,1.6024806e-07,5.71499e-07,3.152248e-08
199,0.9950000000000008,0,0.31510016,-1.0841209e-05,-8.272529e-06,5.6881433e-09,1.7083386e-07,3.741552e-07,3.6188577e-08
200,1.0000000000000007,0,0.31510037,-1.2110545e-05,-9.2169685e-06,5.369093e-08,2.396362e-07,1.004235e-06,4.4548976e-08
201,1.0050000000000006,0,0.31510037,-1.3525354e-05,-1.0283684e-05,-7.538147e-08,3.164315e-07,1.1309345e-06,5.9390423e-08
202,1.0100000000000005,0,0.31510037,-1.5114422e-05,-1.1500971e-05,2.2086008e-08,3.5835558e-07,1.1750791e-06,6.489086e-08
203,1.0150000000000003,0,0.31510016,-1.6870248e-05,-1.2800371e-05,-2.1946109e-08,3.4365772e-07,7.711231e-07,6.701236e-08
204,1.0200000000000002,0,0.31510013,-1.8850273e-05,-1.4338388e-05,-1.0232644e-07,4.3015777e-07,1.0878678e-06,8.1492246e-08
205,1.0250000000000001,0,0.31510037,-2.1041738e-05,-1.5956395e-05,9.522432e-08,3.941145e-07,1.750647e-06,7.495133e-08
206,1.03,0,0.31510037,-2.3493567e-05,-1.7801704e-05,1.5802755e-08,4.7124092e-07,2.051554e-06,8.854335e-08
207,1.035,0,0.31510037,-2.6223834e-05,-1.9823377e-05,2.1050978e-08,5.142434e-07,2.0293526e-06,9.859377e-08
208,1.0399999999999998,0,0.31510037,-2.929091e-05,-2.2165505e-05,-4.160535e-08,6.427336e-07,2.1895464e-06,1.2038905e-07
209,1.0449999999999997,0,0.31510028,-3.269839e-05,-2.4702704e-05,5.4222365e-08,6.6821514e-07,2.4782262e-06,1.259913e-07
210,1.0499999999999996,0,0.31510043,-3.6508038e-05,-2.7563041e-05,6.898917e-08,7.3949394e-07,2.4012534e-06,1.4007739e-07
211,1.0549999999999995,0,0.3151002,-4.0748077e-05,-3.0702042e-05,1.0355601e-07,7.907616e-07,3.0094589e-06,1.5052416e-07
212,1.0599999999999994,0,0.31510016,-4.5536966e-05,-3.446229e-05,-2.3505902e-07,1.091014e-06,2.9441483e-06,2.030071e-07
213,1.0649999999999993,0,0.31510034,-5.0798742e-05,-3.8241542e-05,3.444189e-07,8.9369814e-07,3.8865164e-06,1.7155375e-07
214,1.0699999999999992,0,0.31510034,-5.6693345e-05,-4.26065e-05,-7.60988e-08,1.0887815e-06,3.6986787e-06,2.1255477e-07
215,1.074999999999999,0,0.31510007,-6.332202e-05,-4.7640522e-05,-4.247694e-08,1.3733296e-06,4.2106503e-06,2.580468e-07
216,1.079999999999999,0,0.31510016,-7.0712675e-05,-5.323731e-05,-6.777905e-08,1.5571129e-06,4.810691e-06,2.9083745e-07
217,1.0849999999999989,0,0.31510016,-7.894967e-05,-5.941343e-05,7.6845765e-08,1.6269313e-06,5.3028325e-06,3.0722148e-07
218,1.0899999999999987,0,0.31510037,-8.8151675e-05,-6.633795e-05,1.24314e-07,1.782976e-06,6.425552e-06,3.371063e-07
219,1.0949999999999986,0,0.31510022,-9.840534e-05,-7.3972726e-05,1.9980907e-07,1.922515e-06,7.0851265e-06,3.6672378e-07
220,1.0999999999999985,0,0.31510028,-0.00010986677,-8.256006e-05,1.1346145e-07,2.2094953e-06,7.995242e-06,4.1849987e-07
221,1.1049999999999984,0,0.3151001,-0.00012269057,-9.226936e-05,-8.275143e-08,2.610959e-06,8.733327e-06,4.903596e-07
222,1.1099999999999983,0,0.31510034,-0.00013697865,-0.00010295912,9.910744e-08,2.7911615e-06,9.336408e-06,5.287688e-07
223,1.1149999999999982,0,0.31510022,-0.00015293848,-0.000114933646,1.142212e-07,3.0935037e-06,1.0704237e-05,5.857456e-07
224,1.119999999999998,0,0.3151003,-0.0001707683,-0.00012833881,1.314843e-07,3.4802702e-06,1.1885431e-05,6.577223e-07
225,1.124999999999998,0,0.31510013,-0.00019065446,-0.00014321177,2.228869e-07,3.832093e-06,1.3699971e-05,7.2523125e-07
226,1.129999999999998,0,0.3151002,-0.00021286884,-0.00015986817,1.5116571e-07,4.326088e-06,1.5262418e-05,8.175489e-07
227,1.1349999999999978,0,0.3151002,-0.00023766392,-0.00017840833,3.321972e-07,4.7833278e-06,1.6752949e-05,9.0395986e-07
228,1.1399999999999977,0,0.31510007,-0.0002653765,-0.00019926512,1.9912509e-08,5.501274e-06,1.8933632e-05,1.0360698e-06
229,1.1449999999999976,0,0.3151002,-0.000296317,-0.0002225091,1.7849725e-07,6.1053343e-06,2.0726666e-05,1.1503332e-06
230,1.1499999999999975,0,0.31510016,-0.00033085674,-0.0002484509,1.9214154e-07,6.7772335e-06,2.3761047e-05,1.2773173e-06
231,1.1549999999999974,0,0.31510007,-0.00036942144,-0.00027739693,2.8106865e-07,7.513171e-06,2.605653e-05,1.4190372e-06
232,1.1599999999999973,0,0.31509992,-0.00041247738,-0.00030970544,3.0049162e-07,8.363199e-06,2.9105608e-05,1.5822653e-06
233,1.1649999999999971,0,0.31510013,-0.0004605616,-0.00034581046,4.1224848e-07,9.365377e-06,3.2937944e-05,1.7673871e-06
234,1.169999999999997,0,0.31510043,-0.0005142473,-0.00038612357,3.3164025e-07,1.048758e-05,3.594812e-05,1.9807528e-06
235,1.174999999999997,0,0.31510067,-0.0005741962,-0.00043114982,3.9415858e-07,1.1729863e-05,4.019686e-05,2.213396e-06
236,1.1799999999999968,0,0.31510073,-0.00064113387,-0.00048143204,4.58535e-07,1.309422e-05,4.5381643e-05,2.4704016e-06
237,1.1849999999999967,0,0.31510058,-0.00071587926,-0.0005375909,5.680004e-07,1.461255e-05,5.069585e-05,2.7556216e-06
238,1.1899999999999966,0,0.3151008,-0.000799307,-0.0006001592,8.138803e-07,1.6195518e-05,5.709706e-05,3.0572492e-06
239,1.1949999999999965,0,0.3151007,-0.0008924685,-0.0006700732,7.200946e-07,1.8130642e-05,6.320649e-05,3.4238037e-06
240,1.1999999999999964,0,0.31510046,-0.0009964966,-0.00074815727,7.1465075e-07,2.031123e-05,6.9901675e-05,3.834213e-06
241,1.2049999999999963,0,0.31510103,-0.0011126593,-0.00083538814,7.579348e-07,2.2731736e-05,7.878904e-05,4.288582e-06
242,1.2099999999999962,0,0.31510088,-0.0012423645,-0.00093278405,9.096081e-07,2.5365645e-05,8.7839355e-05,4.7849494e-06
243,1.214999999999996,0,0.31510097,-0.0013871827,-0.0010414991,1.1419658e-06,2.8260481e-05,9.832571e-05,5.331273e-06
244,1.219999999999996,0,0.31510124,-0.001548885,-0.0011629176,1.1812219e-06,3.1556905e-05,0.000109691,5.955385e-06
245,1.2249999999999959,0,0.3151016,-0.001729452,-0.0012985481,1.3018858e-06,3.528624e-05,0.00012270421,6.655679e-06
246,1.2299999999999958,0,0.3151019,-0.0019310527,-0.0014499093,1.643173e-06,3.932968e-05,0.00013679224,7.418809e-06
247,1.2349999999999957,0,0.31510213,-0.002156155,-0.0016189417,1.7176978e-06,4.3923716e-05,0.00015276692,8.287756e-06
248,1.2399999999999956,0,0.31510243,-0.0024074863,-0.0018076223,1.8745092e-06,4.9017795e-05,0.00016983262,9.251769e-06
249,1.2449999999999954,0,0.31510308,-0.0026881264,-0.0020183474,2.0760103e-06,5.4782366e-05,0.00019063661,1.0336147e-05
250,1.2499999999999953,0,0.3151038,-0.0030014704,-0.0022535825,2.2908523e-06,6.1165214e-05,0.00021213903,1.1541957e-05
251,1.2549999999999952,0,0.31510416,-0.0033513573,-0.0025163025,2.6385849e-06,6.8320085e-05,0.00023696633,1.2889059e-05
252,1.2599999999999951,0,0.3151055,-0.0037420264,-0.00280965,2.9747512e-06,7.628878e-05,0.00026543863,1.43898305e-05
253,1.264999999999995,0,0.31510654,-0.0041782157,-0.0031371093,3.2280566e-06,8.512458e-05,0.0002956366,1.606326e-05
254,1.269999999999995,0,0.31510848,-0.0046652686,-0.0035027969,3.645089e-06,9.507043e-05,0.0003301488,1.7936938e-05
255,1.2749999999999948,0,0.3151102,-0.0052090907,-0.003911109,4.009983e-06,0.00010616845,0.00036851745,2.0031654e-05
256,1.2799999999999947,0,0.31511247,-0.0058162934,-0.004366955,4.51375e-06,0.000118496515,0.00041120406,2.2360298e-05
257,1.2849999999999946,0,0.31511578,-0.0064943023,-0.0048760716,5.0003837e-06,0.00013239133,0.00045982035,2.497744e-05
258,1.2899999999999945,0,0.3151196,-0.0072513395,-0.005444499,5.6591225e-06,0.00014781562,0.0005136996,2.7884715e-05
259,1.2949999999999944,0,0.3151244,-0.008096609,-0.006079145,6.4312276e-06,0.00016497145,0.0005732629,3.1124153e-05
260,1.2999999999999943,0,0.3151301,-0.00904637,-0.0067211436,4.4654425e-05,0.000109720844,0.00036226283,1.8991346e-05
261,1.3049999999999942,0,0.31513757,-0.010160618,-0.007398755,-2.981136e-05,7.211243e-05,0.000115384195,1.3451073e-05
262,1.309999999999994,0,0.31514803,-0.011486065,-0.008250175,-0.00016283813,0.0001629112,3.8643342e-05,2.8165143e-05
263,1.314999999999994,0,0.31516197,-0.0130402325,-0.009297814,-0.0002923517,0.00029097867,4.2812542e-05,4.8588234e-05
264,1.3199999999999938,0,0.31517982,-0.014844072,-0.010567514,-0.00038710193,0.00039923837,0.000102881226,6.6146924e-05
265,1.3249999999999937,0,0.3152042,-0.016926253,-0.012034085,-0.00040098978,0.00041134856,-4.845125e-06,6.5328415e-05
266,1.3299999999999936,0,0.31523606,-0.019366238,-0.0137459,-0.0004981681,0.0004126619,-2.3107575e-07,6.6025495e-05
267,1.3349999999999935,0,0.31527916,-0.022216229,-0.01579052,-0.00053839776,0.00047277697,2.1738863e-06,7.650889e-05
268,1.3399999999999934,0,0.3153367,-0.025516145,-0.0181439,-0.0006047877,0.0005112133,-6.150609e-07,8.0951715e-05
269,1.3449999999999933,0,0.31541315,-0.029361678,-0.020877775,-0.0006987473,0.00057563203,9.224642e-07,9.19585e-05
270,1.3499999999999932,0,0.315515,-0.033821527,-0.02404597,-0.0008089288,0.00065915345,-1.229193e-06,0.00010403464
271,1.354999999999993,0,0.31565154,-0.039007705,-0.027720718,-0.0009538457,0.00076751097,-1.4525226e-06,0.00012146252
272,1.359999999999993,0,0.3158355,-0.04503582,-0.03198185,-0.0011394984,0.000891699,-9.884952e-07,0.00014075154
273,1.3649999999999929,0,0.31608233,-0.052040655,-0.036937397,-0.0013496988,0.0010408856,-1.1659114e-06,0.00016350513
274,1.3699999999999928,0,0.31641442,-0.06018431,-0.04270071,-0.0015926685,0.0012129841,-1.9207423e-06,0.00019019884
275,1.3749999999999927,0,0.31686056,-0.069650576,-0.04940547,-0.0018680736,0.0014100972,-3.96217e-06,0.00022034431
276,1.3799999999999926,0,0.31746075,-0.080652684,-0.05720232,-0.0021888893,0.0016322526,-2.9807807e-06,0.0002544542
277,1.3849999999999925,0,0.3182702,-0.09343759,-0.06627112,-0.0025542506,0.0018898417,-3.7380519e-06,0.0002941712
278,1.3899999999999924,0,0.31935853,-0.108290516,-0.07681477,-0.0029781365,0.0021872215,-4.018021e-06,0.00034005137
279,1.3949999999999922,0,0.32082644,-0.1255393,-0.08907202,-0.0034693507,0.002533819,-4.2452493e-06,0.00039376187
280,1.3999999999999921,0,0.3228057,-0.14556287,-0.1033171,-0.004039195,0.0029361802,-8.208499e-06,0.00045587355
281,1.404999999999992,0,0.32547015,-0.16879599,-0.11986958,-0.004711297,0.003403429,-6.428745e-06,0.0005281425
282,1.409999999999992,0,0.32906085,-0.19573544,-0.13910517,-0.0054898877,0.0039505973,-6.002117e-06,0.0006126443
283,1.4149999999999918,0,0.33389723,-0.22694394,-0.16145039,-0.006400493,0.00458284,-8.772013e-06,0.0007102376
284,1.4199999999999917,0,0.34040937,-0.26305756,-0.18740934,-0.007462263,0.005319897,-8.893826e-06,0.0008237053
285,1.4249999999999916,0,0.3491774,-0.3047808,-0.21756274,-0.008701549,0.006179306,-5.7848165e-06,0.0009553899
286,1.4299999999999915,0,0.36097157,-0.3528682,-0.25256243,-0.0101438835,0.007163408,-8.93827e-06,0.0011070329
287,1.4349999999999914,0,0.3768222,-0.4081022,-0.2931824,-0.0118518155,0.008310175,-2.6358006e-05,0.0012855774
288,1.4399999999999913,0,0.398103,-0.47124577,-0.3403289,-0.013880929,0.009662591,-2.1787304e-05,0.0014990942
289,1.4449999999999912,0,0.4265391,-0.5429732,-0.39497808,-0.01618461,0.011198165,-2.5286387e-05,0.0017447121
290,1.449999999999991,0,0.46383968,-0.6240204,-0.45828772,-0.017526302,0.012237775,-5.4154055e-09,4.798492e-05
291,1.454999999999991,0,0.5118093,-0.7145925,-0.53139544,-0.015839757,0.009683885,0.00011840084,1.6003252e-05
292,1.4599999999999909,0,0.5756692,-0.813379,-0.6161759,-0.015083027,0.0067744995,5.8418173e-05,5.804094e-06
293,1.4649999999999908,0,0.66015244,-0.9189501,-0.7150194,-0.014316061,0.0043773605,-1.8464056e-05,1.5147013e-05
294,1.4699999999999906,0,0.76891714,-1.0289218,-0.8280216,-0.013554094,0.0025081704,6.176667e-05,1.859636e-05
295,1.4749999999999905,0,0.9058804,-1.1393675,-0.9556167,-0.012969486,0.0007801848,3.8731185e-05,0.00010288042
296,1.4799999999999904,0,1.0741444,-1.2454474,-1.0985582,-0.0121906325,-0.0014540543,3.962745e-05,0.00011641352
297,1.4849999999999903,0,1.2746433,-1.343637,-1.2585366,-0.00840131,-0.0056996755,4.3955864e-05,6.174665e-05
298,1.4899999999999902,0,0.013488751,2.7357347e-09,3.2144588e-16,-1.8554606e-16,-2.1578146e-16,-1.072445e-22,1.4211276e-20
299,1.4949999999999901,0,0.051502515,1.04455316e-08,9.210834e-16,-2.8033897e-16,-3.4232712e-16,-1.201182e-22,1.0001831e-20
300,1.49999999999999,0,0.11404129,2.3129394e-08,1.4482381e-15,-1.1675097e-16,-1.8804609e-16,2.5249943e-18,-1.8318466e-21
